[
   {
      "account_number":"116484",
      "account_type":"Standard",
      "names":"Oluwatumisile lily",
      "country":"Nigeria",
      "city":"Lagos",
      "phone":"8179437203",
      "email":"arakenge26@gmail.com"
   },
   {
      "account_number":"116485",
      "account_type":"Standard",
      "names":"Oluwatumisile lily",
      "country":"Nigeria",
      "city":"Lagos",
      "phone":"8179437203",
      "email":"arakenge26@gmail.com"
   },
   {
      "account_number":"116486",
      "account_type":"Standard",
      "names":"Oluwatumisile lily",
      "country":"Nigeria",
      "city":"Lagos",
      "phone":"8179437203",
      "email":"arakenge26@gmail.com"
   },
   {
      "account_number":"116490",
      "account_type":"Standard",
      "names":"Oluwatumisile lily",
      "country":"Niger",
      "city":"Navy Town",
      "phone":"8179437203",
      "email":"arakenge26@gmail.com"
   },
   {
      "account_number":"117604",
      "account_type":"Standard",
      "names":"Adimike Toochukwu SE",
      "country":"Nigeria",
      "city":"lsheri",
      "phone":"7061618498",
      "email":"toofather@yahoo.com"
   },
   {
      "account_number":"118261",
      "account_type":"Standard",
      "names":"Test SuperForex",
      "country":"Uganda",
      "city":"U",
      "phone":"464111111",
      "email":"inna.s@superforex.com"
   },
   {
      "account_number":"118263",
      "account_type":"Standard",
      "names":"Testi account",
      "country":"Nigeria",
      "city":"Ikotun",
      "phone":"8179437203",
      "email":"rightpma@gmail.com"
   },
   {
      "account_number":"118452",
      "account_type":"Standard",
      "names":"Chijioke Ngige",
      "country":"Nigeria",
      "city":"Akisan",
      "phone":"8033000586",
      "email":"talk2umuafrica@gmail.com"
   },
   {
      "account_number":"118502",
      "account_type":"Standard",
      "names":"Toochukwu Adimike",
      "country":"Nigeria",
      "city":"Isheri",
      "phone":"7061618498",
      "email":"ezeafrica@gmail.com"
   },
   {
      "account_number":"118508",
      "account_type":"Standard",
      "names":"Okechukwu Igwegbe",
      "country":"Nigeria",
      "city":"Egan",
      "phone":"8065117243",
      "email":"okeyigwe@rocketmail.com"
   },
   {
      "account_number":"119735",
      "account_type":"Standard",
      "names":"AJANI ROTIMI KAYODE",
      "country":"Nigeria",
      "city":"ibadan",
      "phone":"8031376660",
      "email":"rotimiwilliams39@gmail.com"
   },
   {
      "account_number":"122132",
      "account_type":"Standard",
      "names":"Emmanuel Joeseph",
      "country":"Nigeria",
      "city":"Ibadan",
      "phone":"8074209979",
      "email":"nairalinecash@gmail.com"
   },
   {
      "account_number":"122299",
      "account_type":"Standard",
      "names":"Sunny",
      "country":"Nigeria",
      "city":"Lekki",
      "phone":"08187834346",
      "email":"adeyemijikiemi@yahoo.com"
   },
   {
      "account_number":"122489",
      "account_type":"Standard",
      "names":"Patrick Ayitey Adjin",
      "country":"Nigeria",
      "city":"Amukoko",
      "phone":"8136026074",
      "email":"patayiteyadjin@gmail.com"
   },
   {
      "account_number":"128532",
      "account_type":"MicroCent",
      "names":"Ohakam Darlington  chigozie",
      "country":"Nigeria",
      "city":"Ijegun",
      "phone":"08033570755",
      "email":"ohakamdarlington.odc@gmail.com"
   },
   {
      "account_number":"128961",
      "account_type":"Standard",
      "names":"Okeke Chiamaka Martha",
      "country":"Nigeria",
      "city":"Lagos",
      "phone":"08025632440",
      "email":"ammymay2003@yahoo.com"
   },
   {
      "account_number":"143391",
      "account_type":"Standard",
      "names":"Ezeala  Obianuju Ifeyinwa",
      "country":"Nigeria",
      "city":"Ikotun",
      "phone":"9095629525",
      "email":"uezeala@yahoo.com"
   },
   {
      "account_number":"143960",
      "account_type":"Standard",
      "names":"Lucky Nal",
      "country":"Nigeria",
      "city":"Ayabo",
      "phone":"09082518105",
      "email":"Nalplantinumconsult@gmail.com"
   },
   {
      "account_number":"144393",
      "account_type":"Standard",
      "names":"Uzodimma Eric",
      "country":"Nigeria",
      "city":"Ikorodu",
      "phone":"07069612178",
      "email":"Ericuzodimma2016@gmail.com"
   },
   {
      "account_number":"144664",
      "account_type":"Standard",
      "names":"GANDHI MORKA",
      "country":"Nigeria",
      "city":"IKEJA",
      "phone":"9037433030",
      "email":"benmorka@gmail.com"
   },
   {
      "account_number":"144791",
      "account_type":"Standard",
      "names":"Remilekun lanrewaju",
      "country":"Nigeria",
      "city":"Emure-Ekiti",
      "phone":"08067023941",
      "email":"iyawasiu@gmail.com"
   },
   {
      "account_number":"144855",
      "account_type":"Standard",
      "names":"Moradeyo sunday",
      "country":"Nigeria",
      "city":"Lagos",
      "phone":"08052179889",
      "email":"Sunnysaxophonist@gmail.com"
   },
   {
      "account_number":"144866",
      "account_type":"Standard",
      "names":"AYENI ANUOLUWAPO",
      "country":"Nigeria",
      "city":"Lagos",
      "phone":"07068537266",
      "email":"Ayeni17anu@gmail.com"
   },
   {
      "account_number":"144940",
      "account_type":"Standard",
      "names":"IBIRINDE Hussain",
      "country":"Nigeria",
      "city":"Lagos",
      "phone":"08033914890",
      "email":"Ibirindehussain@gmail.com"
   },
   {
      "account_number":"145038",
      "account_type":"Standard",
      "names":"Babatunde Adeleye Awodola",
      "country":"Nigeria",
      "city":"Moriki",
      "phone":"8035862430",
      "email":"awobabs2020@yahoo.com"
   },
   {
      "account_number":"145339",
      "account_type":"Standard",
      "names":"Kevin",
      "country":"Nigeria",
      "city":"",
      "phone":"8034420718",
      "email":"kevkobs@gmail.com"
   },
   {
      "account_number":"145345",
      "account_type":"Standard",
      "names":"Michael",
      "country":"Nigeria",
      "city":"Lagos",
      "phone":"2348181837181",
      "email":"nerilove4all@yahoo.co.uk"
   },
   {
      "account_number":"145357",
      "account_type":"Standard",
      "names":"Nwachukwu Darlington",
      "country":"Nigeria",
      "city":"",
      "phone":"08034972308",
      "email":"Lygn19@gmail.com"
   },
   {
      "account_number":"145494",
      "account_type":"Standard",
      "names":"Isaac Olowoloba",
      "country":"Nigeria",
      "city":"Lagos",
      "phone":"8020634427",
      "email":"isaacnewss@gmail.com"
   },
   {
      "account_number":"145521",
      "account_type":"Standard",
      "names":"James Olasunkanmi Oyeyipo",
      "country":"Nigeria",
      "city":"Moriki",
      "phone":"8035849127",
      "email":"jimmyola2006@yahoo.com"
   },
   {
      "account_number":"145524",
      "account_type":"Standard",
      "names":"Reginald Egbudin",
      "country":"Nigeria",
      "city":"Moriki",
      "phone":"09096851284",
      "email":"Reginaldegbudin@gmail.com"
   },
   {
      "account_number":"145533",
      "account_type":"Standard",
      "names":"Orleans Nze",
      "country":"Nigeria",
      "city":"Lagos",
      "phone":"08064536442",
      "email":"nzeorleans@gmail.com"
   },
   {
      "account_number":"145537",
      "account_type":"Standard",
      "names":"Ajani Rotimi Kayode",
      "country":"Nigeria",
      "city":"",
      "phone":"2348031376660",
      "email":"Willyoluajani@yahoo.com"
   },
   {
      "account_number":"145607",
      "account_type":"Standard",
      "names":"Popoola Muhammed",
      "country":"Nigeria",
      "city":"Emure-Ekiti",
      "phone":"09068156624",
      "email":"Alopop46@gmail.com"
   },
   {
      "account_number":"145617",
      "account_type":"Standard",
      "names":"Olusola Oyegbesan",
      "country":"Nigeria",
      "city":"",
      "phone":"8036690173",
      "email":"sollybeyee@gmail.com"
   },
   {
      "account_number":"145624",
      "account_type":"Standard",
      "names":"Ayodele Ahmed",
      "country":"Nigeria",
      "city":"Emure-Ekiti",
      "phone":"07034765350",
      "email":"Bayodele73@gmail.com"
   },
   {
      "account_number":"145627",
      "account_type":"Standard",
      "names":"Kingsley Mbaoma",
      "country":"Nigeria",
      "city":"Ojo",
      "phone":"08138556836",
      "email":"kingfx179@gmail.com"
   },
   {
      "account_number":"145686",
      "account_type":"Standard",
      "names":"Chi",
      "country":"Nigeria",
      "city":"Lagos",
      "phone":"08033000586",
      "email":"talk2umuafrica@gmail.com"
   },
   {
      "account_number":"146025",
      "account_type":"Standard",
      "names":"Timothy Eghoh",
      "country":"Afghanistan",
      "city":"Lagos",
      "phone":"23439468173",
      "email":"timothyeghoh@gmail.com"
   },
   {
      "account_number":"146030",
      "account_type":"Standard",
      "names":"Afeez Yunusa",
      "country":"Afghanistan",
      "city":"",
      "phone":"23499788341",
      "email":"bnmalic@gmail.com"
   },
   {
      "account_number":"146104",
      "account_type":"Standard",
      "names":"test",
      "country":"Afghanistan",
      "city":"",
      "phone":"380671111111",
      "email":"test@test.test"
   },
   {
      "account_number":"146105",
      "account_type":"Standard",
      "names":"test",
      "country":"Afghanistan",
      "city":"",
      "phone":"380671111111",
      "email":"test@test.test"
   },
   {
      "account_number":"146106",
      "account_type":"Standard",
      "names":"test",
      "country":"Afghanistan",
      "city":"",
      "phone":"380671111111",
      "email":"test@test.test"
   },
   {
      "account_number":"146108",
      "account_type":"Standard",
      "names":"Aliu Haruna Saliu",
      "country":"Afghanistan",
      "city":"Lagos",
      "phone":"23408121",
      "email":"aliuharuna8@gmail.com"
   },
   {
      "account_number":"146109",
      "account_type":"Standard",
      "names":"Aliu Haruna Saliu",
      "country":"Afghanistan",
      "city":"Lagos",
      "phone":"23412345",
      "email":"aliuharuna8@gmail.com"
   },
   {
      "account_number":"146136",
      "account_type":"Standard",
      "names":"Oricha abdulkareem usman",
      "country":"Afghanistan",
      "city":"",
      "phone":"23407055505",
      "email":"fxoricha@gmail.com"
   },
   {
      "account_number":"146286",
      "account_type":"Standard",
      "names":"Ezodinma Eric",
      "country":"Nigeria",
      "city":"Ikorodu",
      "phone":"7069612178",
      "email":"uzodinmaeric@yahoo.com"
   },
   {
      "account_number":"147734",
      "account_type":"Standard",
      "names":"Timothy Eghoh",
      "country":"Nigeria",
      "city":"Isheri",
      "phone":"07039468173",
      "email":"timothyeghoh@gmail.com"
   },
   {
      "account_number":"162443",
      "account_type":"Standard",
      "names":"Abiodun Samuel Ojei",
      "country":"Niger",
      "city":"ibadan",
      "phone":"+2347030205128",
      "email":"ojeisam@gmail.com"
   },
   {
      "account_number":"162501",
      "account_type":"Standard",
      "names":"Ann Maserame Gadinabokao",
      "country":"South Africa",
      "city":"Johannesburg",
      "phone":"0761707589",
      "email":"tshiamog19@gmail.com"
   },
   {
      "account_number":"163561",
      "account_type":"Standard",
      "names":"Ijeoma Vivian Chukwuemeka",
      "country":"Nigeria",
      "city":"Ojo",
      "phone":"8062479693",
      "email":"annijeoma4real@gmail.com"
   },
   {
      "account_number":"163620",
      "account_type":"Standard",
      "names":"Jonathan Obi",
      "country":"Nigeria",
      "city":"Ikotun",
      "phone":"8034493780",
      "email":"2363key@gmail.com"
   },
   {
      "account_number":"163624",
      "account_type":"Standard",
      "names":"Boniface Chritopher",
      "country":"Nigeria",
      "city":"Ijegu",
      "phone":"08056136299",
      "email":"wisetalk.bc@gmail.com"
   },
   {
      "account_number":"163629",
      "account_type":"Standard",
      "names":"Obi Harrison Okechukwu",
      "country":"Nigeria",
      "city":"Abaranje",
      "phone":"08167192400",
      "email":"obiharrson39@gmail.com"
   },
   {
      "account_number":"163778",
      "account_type":"Standard",
      "names":"Patience Jackson",
      "country":"Nigeria",
      "city":"Lawanson",
      "phone":"8124627378",
      "email":"pattydave90@yahoo.com"
   },
   {
      "account_number":"163826",
      "account_type":"Standard",
      "names":"Aderiye Amos",
      "country":"Nigeria",
      "city":"Ikotu",
      "phone":"8038112845",
      "email":"adekayvision69@gmail.com"
   },
   {
      "account_number":"165965",
      "account_type":"Standard",
      "names":"Ugwu,Clement Ogbozor",
      "country":"Nigeria",
      "city":"Surulere",
      "phone":"08068415078",
      "email":"ugwuclement50@yahoo.com"
   },
   {
      "account_number":"166442",
      "account_type":"Standard",
      "names":"Victory Uchechukwu Chukwuemeka",
      "country":"Nigeria",
      "city":"Ojo",
      "phone":"08062479693",
      "email":"annijeoma4real@gmail.com"
   },
   {
      "account_number":"166827",
      "account_type":"Standard",
      "names":"Godswill Ogidi",
      "country":"Nigeria",
      "city":"Igando",
      "phone":"08174622455",
      "email":"ogidifx@gmail.com"
   },
   {
      "account_number":"169016",
      "account_type":"Standard",
      "names":"Abiodun Samuel Ojei",
      "country":"Niger",
      "city":"ibadan",
      "phone":"+2347030205128",
      "email":"ojeisam@gmail.com"
   },
   {
      "account_number":"169122",
      "account_type":"Standard",
      "names":"Jude nami",
      "country":"Nigeria",
      "city":"Ojo",
      "phone":"09067644560",
      "email":"purehealthtoall@gmail.com"
   },
   {
      "account_number":"169188",
      "account_type":"Standard",
      "names":"Obi Harrison Okechukwu",
      "country":"Nigeria",
      "city":"Surulere",
      "phone":"+2348167192400",
      "email":"obiharrison39@gmail.com"
   },
   {
      "account_number":"169838",
      "account_type":"Standard",
      "names":"Emeka Christopher",
      "country":"Nigeria",
      "city":"Ikotun",
      "phone":"+23408056136299",
      "email":"wisetalk.bc@gmail.com"
   },
   {
      "account_number":"171767",
      "account_type":"Standard",
      "names":"Olajide Olarewaju Olayemi",
      "country":"Nigeria",
      "city":"Alagbado",
      "phone":"9023412004",
      "email":"olajide_olayemi80@yahoo.com"
   },
   {
      "account_number":"171793",
      "account_type":"Standard",
      "names":"Jonathan Obi",
      "country":"Nigeria",
      "city":"Idimu",
      "phone":"08034493780",
      "email":"jonathanobi1@hotmail.com"
   },
   {
      "account_number":"171835",
      "account_type":"Standard",
      "names":"Emeka Christopher Boniface",
      "country":"Nigeria",
      "city":"Ikotun",
      "phone":"08034124488",
      "email":"wealthiman@yahoo.com"
   },
   {
      "account_number":"171839",
      "account_type":"Standard",
      "names":"Emmanuel Olorunda",
      "country":"Nigeria",
      "city":"OJo",
      "phone":"08033593463",
      "email":"emmanuelolorunda2@yahoo.com"
   },
   {
      "account_number":"172576",
      "account_type":"Standard",
      "names":"Victory Uchechukwu Chukwuemeka",
      "country":"Nigeria",
      "city":"Ojo",
      "phone":"08062479693",
      "email":"havavicky@gmail.com"
   },
   {
      "account_number":"172581",
      "account_type":"Standard",
      "names":"Ijeoma Vivian  Chukwuemeka",
      "country":"Nigeria",
      "city":"Ojo",
      "phone":"0806247969323",
      "email":"annijeoma4real@gail.com"
   },
   {
      "account_number":"172587",
      "account_type":"Standard",
      "names":"Okechukwu Igwegbe",
      "country":"Nigeria",
      "city":"Egan",
      "phone":"08065117243",
      "email":"okeyigwe@rocketmail.com"
   },
   {
      "account_number":"173590",
      "account_type":"Standard",
      "names":"Obi Jane Eberechukwu",
      "country":"Nigeria",
      "city":"Ukpor",
      "phone":"08138214334",
      "email":"2363key@gmail.com"
   },
   {
      "account_number":"175608",
      "account_type":"Standard",
      "names":"Busari Isaac Isiaka",
      "country":"Nigeria",
      "city":"Egan",
      "phone":"08034643093",
      "email":"busakgroup@gmail.com"
   },
   {
      "account_number":"176460",
      "account_type":"Standard",
      "names":"Obi Harrison Okechukwu",
      "country":"Nigeria",
      "city":"Ikotun",
      "phone":"+23408167192400",
      "email":"obiharrison39@gmail.com"
   },
   {
      "account_number":"181088",
      "account_type":"Standard",
      "names":"Michael Asunomeh",
      "country":"Nigeria",
      "city":"Igando",
      "phone":"8025085012",
      "email":"michaelasunomeh@yahoo.com"
   },
   {
      "account_number":"181906",
      "account_type":"Standard",
      "names":"Michael Asunomeh",
      "country":"Nigeria",
      "city":"Igando",
      "phone":"8025085012",
      "email":"michaelasunomeh@yahoo.com"
   },
   {
      "account_number":"181933",
      "account_type":"Standard",
      "names":"Simon Ogheneovo Egbedi",
      "country":"Nigeria",
      "city":"Apapa",
      "phone":"08056081241",
      "email":"wealthsimon@gmail.com"
   },
   {
      "account_number":"183962",
      "account_type":"Standard",
      "names":"Kindness",
      "country":"Nigeria",
      "city":"Abuja",
      "phone":"08056453345",
      "email":"rightpma@gmail.com"
   },
   {
      "account_number":"184225",
      "account_type":"Standard",
      "names":"SIKIRU ABIDEEN ADENIYI",
      "country":"Nigeria",
      "city":"Abuja",
      "phone":"8039458023",
      "email":"abideen4life2016@gmail.com"
   },
   {
      "account_number":"186402",
      "account_type":"Standard",
      "names":"Omoro Emmanuel",
      "country":"Nigeria",
      "city":"IGANDO",
      "phone":"08029757699",
      "email":"john9vs1to2@gmail.com"
   },
   {
      "account_number":"186417",
      "account_type":"Standard",
      "names":"Michael Asunomeh",
      "country":"Nigeria",
      "city":"Igando",
      "phone":"8025085012",
      "email":"michaelasunomeh@yahoo.com"
   },
   {
      "account_number":"186431",
      "account_type":"Standard",
      "names":"CHRISTOPHER EMEKA",
      "country":"Nigeria",
      "city":"IJEGUN",
      "phone":"8056136299",
      "email":"wealthiman@yahoo.com"
   },
   {
      "account_number":"186433",
      "account_type":"Standard",
      "names":"Adeyemi Adeniyi-Megbuwawon",
      "country":"Nigeria",
      "city":"IDIMU",
      "phone":"8023643222",
      "email":"assurednet@gmail.com"
   },
   {
      "account_number":"186435",
      "account_type":"Standard",
      "names":"Bello Michael Oluwatosin",
      "country":"Nigeria",
      "city":"ipaja",
      "phone":"8033901837",
      "email":"tosinbello2002@gmail.com"
   },
   {
      "account_number":"186448",
      "account_type":"Standard",
      "names":"VICTOR EJIKEME",
      "country":"Nigeria",
      "city":"EGBEDA",
      "phone":"8034443559",
      "email":"victorejikeme@gmail.com"
   },
   {
      "account_number":"186453",
      "account_type":"Standard",
      "names":"Olaitan Joshua",
      "country":"Nigeria",
      "city":"SARI-IGANMU",
      "phone":"8182535507",
      "email":"olaribigbejoshua@gmail.com"
   },
   {
      "account_number":"186462",
      "account_type":"Standard",
      "names":"Sikiru Abideen Adeniyi",
      "country":"Nigeria",
      "city":"SARI-IGANMU",
      "phone":"8039458023",
      "email":"abideen4life2016@gmail.com"
   },
   {
      "account_number":"186464",
      "account_type":"Standard",
      "names":"Asikhemuen Abraham",
      "country":"Nigeria",
      "city":"LAGOS",
      "phone":"8139146781",
      "email":"abzionworld@gmail.com"
   },
   {
      "account_number":"186502",
      "account_type":"Standard",
      "names":"Awoyemi Akeem Ayinla",
      "country":"Nigeria",
      "city":"Igando",
      "phone":"8165962694",
      "email":"awoyemi27@yahoo.com"
   },
   {
      "account_number":"186504",
      "account_type":"Standard",
      "names":"Onadiji Onabadeji",
      "country":"Nigeria",
      "city":"Ota",
      "phone":"8067299323",
      "email":"diji7025@gmail.com"
   },
   {
      "account_number":"186509",
      "account_type":"Standard",
      "names":"Kenny Palmer",
      "country":"Nigeria",
      "city":"LAGOS",
      "phone":"7066778396",
      "email":"pammatechnology@gmail.com"
   },
   {
      "account_number":"186512",
      "account_type":"Standard",
      "names":"Ayoola Olaniyi",
      "country":"Nigeria",
      "city":"ikeja",
      "phone":"+23408023357897",
      "email":"ayoolaolaniyismart@gmail.com"
   },
   {
      "account_number":"186514",
      "account_type":"Standard",
      "names":"Nelson Usoro",
      "country":"Nigeria",
      "city":"IFO",
      "phone":"08133411244",
      "email":"statementprint1@yahoo.com"
   },
   {
      "account_number":"186519",
      "account_type":"Standard",
      "names":"Balogun Olalekan",
      "country":"Nigeria",
      "city":"SURULERE",
      "phone":"08133355830",
      "email":"lemmybalog4u@gmail.com"
   },
   {
      "account_number":"186886",
      "account_type":"Standard",
      "names":"Obi Harrison Okechukwu",
      "country":"Nigeria",
      "city":"Ikotun",
      "phone":"+23408167192400",
      "email":"obiharrison39@gmail.com"
   },
   {
      "account_number":"187269",
      "account_type":"Standard",
      "names":"BUSARI ISAAC ISIAKA",
      "country":"Nigeria",
      "city":"Igando",
      "phone":"8034643093",
      "email":"busakgroup@gmail.com"
   },
   {
      "account_number":"187272",
      "account_type":"Standard",
      "names":"NOEL ETOH",
      "country":"Nigeria",
      "city":"FESTAC TOWN",
      "phone":"8160335030",
      "email":"dejavueasy@gmail.com"
   },
   {
      "account_number":"187276",
      "account_type":"Standard",
      "names":"Duru JohnKennedy",
      "country":"Nigeria",
      "city":"OLODI-APAPA",
      "phone":"7039293845",
      "email":"mitjohnken@gmail.com"
   },
   {
      "account_number":"187278",
      "account_type":"Standard",
      "names":"Olorunda Emmanuel",
      "country":"Nigeria",
      "city":"Igando",
      "phone":"8033593463",
      "email":"emmanuelolorunda2@yahoo.com"
   },
   {
      "account_number":"187281",
      "account_type":"Standard",
      "names":"Cosmos Aneke",
      "country":"Nigeria",
      "city":"ISOLO",
      "phone":"08037207177",
      "email":"divineconcern@gmail.com"
   },
   {
      "account_number":"187287",
      "account_type":"Standard",
      "names":"Emmanuel Oladunni",
      "country":"Nigeria",
      "city":"Ikotun",
      "phone":"08032444611",
      "email":"emmanueldele@yahoo.com"
   },
   {
      "account_number":"187290",
      "account_type":"Standard",
      "names":"Johnson Edger",
      "country":"Nigeria",
      "city":"oworo",
      "phone":"07033866791",
      "email":"johnsonedger500@gmail.com"
   },
   {
      "account_number":"187294",
      "account_type":"Standard",
      "names":"Amos Kayode Aderiye",
      "country":"Nigeria",
      "city":"Ikotun",
      "phone":"8038112845",
      "email":"adekayvision69@gmail.com"
   },
   {
      "account_number":"187359",
      "account_type":"Standard",
      "names":"AYANSINA OLUFEMI ABRAHAM",
      "country":"Nigeria",
      "city":"Ikotun",
      "phone":"+23408032601384",
      "email":"ayansinafemi2002@yahoo.com"
   },
   {
      "account_number":"188182",
      "account_type":"Standard",
      "names":"Adewole Olusade Jumoke",
      "country":"Nigeria",
      "city":"Igboora",
      "phone":"8063850444",
      "email":"olayiwolaolushade@gmail.com"
   },
   {
      "account_number":"188225",
      "account_type":"Standard",
      "names":"NWACHUKWU NNAEMEKA ROWLAND",
      "country":"Nigeria",
      "city":"Lagos",
      "phone":"08158269063",
      "email":"rowlandnnaemeka@gmail.com"
   },
   {
      "account_number":"188552",
      "account_type":"Standard",
      "names":"DURU JOHNKENNEDY",
      "country":"Nigeria",
      "city":"APAPA",
      "phone":"07039293845",
      "email":"mitjohnken@gmail.com"
   },
   {
      "account_number":"188567",
      "account_type":"Standard",
      "names":"IGWEGBE OKECHUKWU",
      "country":"Nigeria",
      "city":"LAGOS",
      "phone":"+2348065117243",
      "email":"okeyigwe@rocketmail.com"
   },
   {
      "account_number":"189219",
      "account_type":"Standard",
      "names":"AWOYEMI AKEEM AYINLA",
      "country":"Nigeria",
      "city":"Lagos",
      "phone":"+23408165962694",
      "email":"awoyemi27@yahoo.com"
   },
   {
      "account_number":"189561",
      "account_type":"Standard",
      "names":"Kachi",
      "country":"Nigeria",
      "city":"Emure-Ekiti",
      "phone":"09076490798",
      "email":"purehealthtoall@gmail.com"
   },
   {
      "account_number":"190688",
      "account_type":"Standard",
      "names":"GODSWILL OGIDI",
      "country":"Nigeria",
      "city":"LAGOS",
      "phone":"8174622455",
      "email":"ogidifx@gmail.com"
   },
   {
      "account_number":"191168",
      "account_type":"Standard",
      "names":"NJOKU KINGDOM",
      "country":"Nigeria",
      "city":"OJO",
      "phone":"08036604322",
      "email":"njokukingdom@yahoo.com"
   },
   {
      "account_number":"191192",
      "account_type":"Standard",
      "names":"Busari Isaac Isiaka",
      "country":"Nigeria",
      "city":"Igando",
      "phone":"09091260022",
      "email":"busakgroup@gmail.com"
   },
   {
      "account_number":"191539",
      "account_type":"Standard",
      "names":"IKHIDE ADEOYE .A",
      "country":"Nigeria",
      "city":"OJO",
      "phone":"08060692332",
      "email":"ikhideadeoye@gmail.com"
   },
   {
      "account_number":"193130",
      "account_type":"Standard",
      "names":"Michael Asunomeh",
      "country":"Nigeria",
      "city":"Igando",
      "phone":"8025085012",
      "email":"michaelasunomeh@yahoo.com"
   },
   {
      "account_number":"193132",
      "account_type":"Standard",
      "names":"Michael Asunomeh",
      "country":"Nigeria",
      "city":"Igando",
      "phone":"8025085012",
      "email":"michaelasunomeh@yahoo.com"
   },
   {
      "account_number":"193225",
      "account_type":"Standard",
      "names":"OGUN PASCAL",
      "country":"Nigeria",
      "city":"BADAGRY",
      "phone":"08077455390",
      "email":"pascalogun@yahoo.com"
   },
   {
      "account_number":"193992",
      "account_type":"Standard",
      "names":"OSAKWE KELVIN EBERE",
      "country":"Nigeria",
      "city":"Ikotun",
      "phone":"+2348068526279",
      "email":"snivlekflip@yahoo.co.uk"
   },
   {
      "account_number":"198181",
      "account_type":"Standard",
      "names":"EMMANUEL OVUAKPORIE ODEGHE",
      "country":"Nigeria",
      "city":"OZORO",
      "phone":"08062977795",
      "email":"emmanuelodeghe@gmail.com"
   },
   {
      "account_number":"204994",
      "account_type":"Standard",
      "names":"Muritala Taofeek Olanrewaju",
      "country":"Nigeria",
      "city":"Surulere",
      "phone":"09097986650",
      "email":"officialmtslim@gmail.com"
   },
   {
      "account_number":"209004",
      "account_type":"Standard",
      "names":"Idopise unwene udo",
      "country":"Nigeria",
      "city":"Uyo",
      "phone":"8060613681",
      "email":"Idopiseisblessed@gmail.com"
   },
   {
      "account_number":"209015",
      "account_type":"Standard",
      "names":"Idopise unwene udo",
      "country":"Nigeria",
      "city":"Abuja",
      "phone":"8060613681",
      "email":"Idopiseisblessed@gmail.com"
   },
   {
      "account_number":"209157",
      "account_type":"Standard",
      "names":"MOHAMMED ABUBAKAR",
      "country":"Nigeria",
      "city":"birnin kebbi",
      "phone":"08030949340",
      "email":"fxpipwinners@gmail.com"
   },
   {
      "account_number":"210354",
      "account_type":"Standard",
      "names":"Adike Paulinus Ugonna",
      "country":"Nigeria",
      "city":"Lagos",
      "phone":"+2348068292338",
      "email":"adikepaul@gmail.com"
   },
   {
      "account_number":"210863",
      "account_type":"Standard",
      "names":"Fatore Ayodele",
      "country":"Nigeria",
      "city":"Ikotun",
      "phone":"+2348060133913",
      "email":"fatord01@gmail.com"
   },
   {
      "account_number":"210870",
      "account_type":"Standard",
      "names":"Matthew Joel",
      "country":"Nigeria",
      "city":"Epe",
      "phone":"+2347064057029",
      "email":"joelm97@yahoo.com"
   },
   {
      "account_number":"212239",
      "account_type":"Standard",
      "names":"Offer Phiona",
      "country":"Nigeria",
      "city":"Calabar",
      "phone":"08164139415",
      "email":"phionixexploit@gmail.com"
   },
   {
      "account_number":"216187",
      "account_type":"Standard",
      "names":"Adike Paulinus Ugonna",
      "country":"Nigeria",
      "city":"Abuja",
      "phone":"08068992338",
      "email":"adikepaul@gmail.com"
   },
   {
      "account_number":"216193",
      "account_type":"Standard",
      "names":"Adike Paulinus Ugonna",
      "country":"Nigeria",
      "city":"Igando",
      "phone":"08068992338",
      "email":"adikepaul@gmail.com"
   },
   {
      "account_number":"217087",
      "account_type":"Standard",
      "names":"Emmanuel Ikechukwu Okoli",
      "country":"Nigeria",
      "city":"Coker Village",
      "phone":"08033016138",
      "email":"e_okoli@yahoo.com"
   },
   {
      "account_number":"224748",
      "account_type":"Standard",
      "names":"Nneka Memeh",
      "country":"Nigeria",
      "city":"Igando",
      "phone":"08033816384",
      "email":"nnekamemeh@yahoo.com"
   },
   {
      "account_number":"224757",
      "account_type":"Standard",
      "names":"Gigft Ekemu Oke-Oghene",
      "country":"Nigeria",
      "city":"Ijegu",
      "phone":"09033262668",
      "email":"giftekemu27@gmail.com"
   },
   {
      "account_number":"225392",
      "account_type":"Standard",
      "names":"Sylvanus Nnah",
      "country":"Nigeria",
      "city":"Surulere",
      "phone":"8033019474",
      "email":"sylvanusnnah@gmail.com"
   },
   {
      "account_number":"227139",
      "account_type":"Standard",
      "names":"EDURUMARAIHE CHIBUEZE",
      "country":"Nigeria",
      "city":"Ikotun",
      "phone":"08188230945",
      "email":"Chibuezeedurumaraihe@gmail.com"
   },
   {
      "account_number":"229455",
      "account_type":"Standard",
      "names":"Nneka Memeh",
      "country":"Nigeria",
      "city":"Igando",
      "phone":"08033816384",
      "email":"nnekamemeh@gmail.com"
   },
   {
      "account_number":"231986",
      "account_type":"Standard",
      "names":"Chigioke Oluchukwu Ngige",
      "country":"Nigeria",
      "city":"Obadore",
      "phone":"+2348033000586",
      "email":"talk2umuafrica@gmail.com"
   },
   {
      "account_number":"233726",
      "account_type":"Standard",
      "names":"casmir",
      "country":"Nigeria",
      "city":"ojo",
      "phone":"+2348089013818",
      "email":"skjensennig@gmail.com"
   },
   {
      "account_number":"235516",
      "account_type":"Standard",
      "names":"Joy Asuquo",
      "country":"Nigeria",
      "city":"Lagos",
      "phone":"703 681 1159",
      "email":"guidestell85@yahoo.com"
   },
   {
      "account_number":"236818",
      "account_type":"Standard",
      "names":"Majowogun Oladapo",
      "country":"Nigeria",
      "city":"Lagos",
      "phone":"8086137899",
      "email":"olamajowogun@gmail.com"
   },
   {
      "account_number":"236940",
      "account_type":"Standard",
      "names":"Majowogun Oladapo",
      "country":"Nigeria",
      "city":"Oshodi",
      "phone":"08086137899",
      "email":"Olamajowogun@gmail.com"
   },
   {
      "account_number":"237084",
      "account_type":"Standard",
      "names":"Abu kolawole",
      "country":"Nigeria",
      "city":"ojodu",
      "phone":"08067159299",
      "email":"teetok81@gmail.com"
   },
   {
      "account_number":"237421",
      "account_type":"Standard",
      "names":"ALABI babatunde Joseph",
      "country":"Nigeria",
      "city":"Bariga",
      "phone":"07081113631",
      "email":"jbgold.com@gmail.com"
   },
   {
      "account_number":"244008",
      "account_type":"Standard",
      "names":"Ajani Rotimi Kayode",
      "country":"Nigeria",
      "city":"Alakia, Ibadan",
      "phone":"803 137 6660",
      "email":"Willyoluajani@yahoo.com"
   },
   {
      "account_number":"244591",
      "account_type":"Standard",
      "names":"Amusa Oluwaseun Sunday",
      "country":"Nigeria",
      "city":"Lagbole",
      "phone":"07035200930",
      "email":"seun4christ@gmail.com"
   },
   {
      "account_number":"244594",
      "account_type":"Standard",
      "names":"Emeka Oduagu",
      "country":"Nigeria",
      "city":"Trade Fair",
      "phone":"8062860800",
      "email":"bonchico1@gmail.com"
   },
   {
      "account_number":"244596",
      "account_type":"Standard",
      "names":"Chidi Christian",
      "country":"Nigeria",
      "city":"Akowonjo",
      "phone":"8098282055",
      "email":"ezechidi@gmail.com"
   },
   {
      "account_number":"244604",
      "account_type":"Standard",
      "names":"Romanus Faithwell",
      "country":"Nigeria",
      "city":"Satelite Town",
      "phone":"8033256033",
      "email":"rfathwellinter@yahoo.com"
   },
   {
      "account_number":"244606",
      "account_type":"Standard",
      "names":"Orleans Chukwuemeka Nze",
      "country":"Nigeria",
      "city":"Satelite Town",
      "phone":"8064536442",
      "email":"nzeorleans@yahoo.com"
   },
   {
      "account_number":"244609",
      "account_type":"Standard",
      "names":"Adebiyi Ibraheem",
      "country":"Nigeria",
      "city":"Ikeja",
      "phone":"7089268888",
      "email":"ninety9code@gmail.com"
   },
   {
      "account_number":"244610",
      "account_type":"Standard",
      "names":"Nwokoro Charles Amobi",
      "country":"Nigeria",
      "city":"Iju",
      "phone":"8033014570",
      "email":"nwokoro2008@gmail.com"
   },
   {
      "account_number":"244613",
      "account_type":"Standard",
      "names":"Adelakun Emmanuel Demilare",
      "country":"Nigeria",
      "city":"Akute",
      "phone":"8140408582",
      "email":"ellayd209@gmai.com"
   },
   {
      "account_number":"244627",
      "account_type":"Standard",
      "names":"Babalola Samuel Olusegun",
      "country":"Nigeria",
      "city":"Ilupeju",
      "phone":"7031041231",
      "email":"samlerisnet@gmail.com"
   },
   {
      "account_number":"244638",
      "account_type":"Standard",
      "names":"Oliza Zaccheaus",
      "country":"Nigeria",
      "city":"Magodo",
      "phone":"8167656429",
      "email":"zacchlen@gmail.com"
   },
   {
      "account_number":"244642",
      "account_type":"Standard",
      "names":"Dauda Ibrahim",
      "country":"Nigeria",
      "city":"Ojo Barrack",
      "phone":"8032461298",
      "email":"rightpma@gmail.com"
   },
   {
      "account_number":"244652",
      "account_type":"Standard",
      "names":"Azeez myeeb Olarewaju",
      "country":"Nigeria",
      "city":"Ikotun",
      "phone":"8101026338",
      "email":"amolamujaz@gmail.com"
   },
   {
      "account_number":"244657",
      "account_type":"Standard",
      "names":"Adebayo Peter",
      "country":"Nigeria",
      "city":"Akute",
      "phone":"9021898812",
      "email":"adebayopeter1997@gmail.com"
   },
   {
      "account_number":"244660",
      "account_type":"Standard",
      "names":"Jegede Segun",
      "country":"Nigeria",
      "city":"Ipaja",
      "phone":"8154857377",
      "email":"jgdsgn12345@gmail.com"
   },
   {
      "account_number":"244738",
      "account_type":"Standard",
      "names":"Aosise  Amos",
      "country":"Nigeria",
      "city":"Ifele",
      "phone":"7064419757",
      "email":"awosise@gmail.com"
   },
   {
      "account_number":"244744",
      "account_type":"Standard",
      "names":"Udoh Udeme Peter",
      "country":"Nigeria",
      "city":"Isheri Ighu",
      "phone":"7036623554",
      "email":"udohudeme001@gmail.com"
   },
   {
      "account_number":"244754",
      "account_type":"Standard",
      "names":"Osifo Godwin",
      "country":"Nigeria",
      "city":"Ojokoro Housing Estate",
      "phone":"08063084087",
      "email":"gwinosifo@gmail.com"
   },
   {
      "account_number":"245398",
      "account_type":"Standard",
      "names":"Azeez myeeb Olarewaju",
      "country":"Nigeria",
      "city":"Ikotun",
      "phone":"8101026338",
      "email":"amolamujaz@gmail.com"
   },
   {
      "account_number":"246241",
      "account_type":"Standard",
      "names":"Azeez Mujeeb olanrewaju",
      "country":"Nigeria",
      "city":"Ikotun",
      "phone":"8101026338",
      "email":"amolamujaz@gmail.com"
   },
   {
      "account_number":"246247",
      "account_type":"Standard",
      "names":"Zaccheaus Helen Oiza",
      "country":"Nigeria",
      "city":"Arepo",
      "phone":"8167656429",
      "email":"zacchlen@gmail.com"
   },
   {
      "account_number":"246267",
      "account_type":"Standard",
      "names":"Joshua Olaitan",
      "country":"Nigeria",
      "city":"Orile",
      "phone":"8182535507",
      "email":"olaribigbejoshua@gnail.com"
   },
   {
      "account_number":"246272",
      "account_type":"Standard",
      "names":"Celestine Adejo",
      "country":"Nigeria",
      "city":"Unilag",
      "phone":"8033372769",
      "email":"celestinedj@yahoo.com"
   }
]