[  
   {  
      "icon_name":"address-book",
      "icon_code":"f2b9"
   },
   {  
      "icon_name":"address-card",
      "icon_code":"f2bb"
   },
   {  
      "icon_name":"angry",
      "icon_code":"f556"
   },
   {  
      "icon_name":"arrow-alt-circle-down",
      "icon_code":"f358"
   },
   {  
      "icon_name":"arrow-alt-circle-left",
      "icon_code":"f359"
   },
   {  
      "icon_name":"arrow-alt-circle-right",
      "icon_code":"f35a"
   },
   {  
      "icon_name":"arrow-alt-circle-up",
      "icon_code":"f35b"
   },
   {  
      "icon_name":"bell",
      "icon_code":"f0f3"
   },
   {  
      "icon_name":"bell-slash",
      "icon_code":"f1f6"
   },
   {  
      "icon_name":"bookmark",
      "icon_code":"f02e"
   },
   {  
      "icon_name":"building",
      "icon_code":"f1ad"
   },
   {  
      "icon_name":"calendar",
      "icon_code":"f133"
   },
   {  
      "icon_name":"calendar-alt",
      "icon_code":"f073"
   },
   {  
      "icon_name":"calendar-check",
      "icon_code":"f274"
   },
   {  
      "icon_name":"calendar-minus",
      "icon_code":"f272"
   },
   {  
      "icon_name":"calendar-plus",
      "icon_code":"f271"
   },
   {  
      "icon_name":"calendar-times",
      "icon_code":"f273"
   },
   {  
      "icon_name":"caret-square-down",
      "icon_code":"f150"
   },
   {  
      "icon_name":"caret-square-left",
      "icon_code":"f191"
   },
   {  
      "icon_name":"caret-square-right",
      "icon_code":"f152"
   },
   {  
      "icon_name":"caret-square-up",
      "icon_code":"f151"
   },
   {  
      "icon_name":"chart-bar",
      "icon_code":"f080"
   },
   {  
      "icon_name":"check-circle",
      "icon_code":"f058"
   },
   {  
      "icon_name":"check-square",
      "icon_code":"f14a"
   },
   {  
      "icon_name":"circle",
      "icon_code":"f111"
   },
   {  
      "icon_name":"clipboard",
      "icon_code":"f328"
   },
   {  
      "icon_name":"clock",
      "icon_code":"f017"
   },
   {  
      "icon_name":"clone",
      "icon_code":"f24d"
   },
   {  
      "icon_name":"closed-captioning",
      "icon_code":"f20a"
   },
   {  
      "icon_name":"comment",
      "icon_code":"f075"
   },
   {  
      "icon_name":"comment-alt",
      "icon_code":"f27a"
   },
   {  
      "icon_name":"comment-dots",
      "icon_code":"f4ad"
   },
   {  
      "icon_name":"comments",
      "icon_code":"f086"
   },
   {  
      "icon_name":"compass",
      "icon_code":"f14e"
   },
   {  
      "icon_name":"copy",
      "icon_code":"f0c5"
   },
   {  
      "icon_name":"copyright",
      "icon_code":"f1f9"
   },
   {  
      "icon_name":"credit-card",
      "icon_code":"f09d"
   },
   {  
      "icon_name":"dizzy",
      "icon_code":"f567"
   },
   {  
      "icon_name":"dot-circle",
      "icon_code":"f192"
   },
   {  
      "icon_name":"edit",
      "icon_code":"f044"
   },
   {  
      "icon_name":"envelope",
      "icon_code":"f0e0"
   },
   {  
      "icon_name":"envelope-open",
      "icon_code":"f2b6"
   },
   {  
      "icon_name":"eye",
      "icon_code":"f06e"
   },
   {  
      "icon_name":"eye-slash",
      "icon_code":"f070"
   },
   {  
      "icon_name":"file",
      "icon_code":"f15b"
   },
   {  
      "icon_name":"file-alt",
      "icon_code":"f15c"
   },
   {  
      "icon_name":"file-archive",
      "icon_code":"f1c6"
   },
   {  
      "icon_name":"file-audio",
      "icon_code":"f1c7"
   },
   {  
      "icon_name":"file-code",
      "icon_code":"f1c9"
   },
   {  
      "icon_name":"file-excel",
      "icon_code":"f1c3"
   },
   {  
      "icon_name":"file-image",
      "icon_code":"f1c5"
   },
   {  
      "icon_name":"file-pdf",
      "icon_code":"f1c1"
   },
   {  
      "icon_name":"file-powerpoint",
      "icon_code":"f1c4"
   },
   {  
      "icon_name":"file-video",
      "icon_code":"f1c8"
   },
   {  
      "icon_name":"file-word",
      "icon_code":"f1c2"
   },
   {  
      "icon_name":"flag",
      "icon_code":"f024"
   },
   {  
      "icon_name":"flushed",
      "icon_code":"f579"
   },
   {  
      "icon_name":"folder",
      "icon_code":"f07b"
   },
   {  
      "icon_name":"folder-open",
      "icon_code":"f07c"
   },
   {  
      "icon_name":"frown",
      "icon_code":"f119"
   },
   {  
      "icon_name":"frown-open",
      "icon_code":"f57a"
   },
   {  
      "icon_name":"futbol",
      "icon_code":"f1e3"
   },
   {  
      "icon_name":"gem",
      "icon_code":"f3a5"
   },
   {  
      "icon_name":"grimace",
      "icon_code":"f57f"
   },
   {  
      "icon_name":"grin",
      "icon_code":"f580"
   },
   {  
      "icon_name":"grin-alt",
      "icon_code":"f581"
   },
   {  
      "icon_name":"grin-beam",
      "icon_code":"f582"
   },
   {  
      "icon_name":"grin-beam-sweat",
      "icon_code":"f583"
   },
   {  
      "icon_name":"grin-hearts",
      "icon_code":"f584"
   },
   {  
      "icon_name":"grin-squint",
      "icon_code":"f585"
   },
   {  
      "icon_name":"grin-squint-tears",
      "icon_code":"f586"
   },
   {  
      "icon_name":"grin-stars",
      "icon_code":"f587"
   },
   {  
      "icon_name":"grin-tears",
      "icon_code":"f588"
   },
   {  
      "icon_name":"grin-tongue",
      "icon_code":"f589"
   },
   {  
      "icon_name":"grin-tongue-squint",
      "icon_code":"f58a"
   },
   {  
      "icon_name":"grin-tongue-wink",
      "icon_code":"f58b"
   },
   {  
      "icon_name":"grin-wink",
      "icon_code":"f58c"
   },
   {  
      "icon_name":"hand-lizard",
      "icon_code":"f258"
   },
   {  
      "icon_name":"hand-paper",
      "icon_code":"f256"
   },
   {  
      "icon_name":"hand-peace",
      "icon_code":"f25b"
   },
   {  
      "icon_name":"hand-point-down",
      "icon_code":"f0a7"
   },
   {  
      "icon_name":"hand-point-left",
      "icon_code":"f0a5"
   },
   {  
      "icon_name":"hand-point-right",
      "icon_code":"f0a4"
   },
   {  
      "icon_name":"hand-point-up",
      "icon_code":"f0a6"
   },
   {  
      "icon_name":"hand-pointer",
      "icon_code":"f25a"
   },
   {  
      "icon_name":"hand-rock",
      "icon_code":"f255"
   },
   {  
      "icon_name":"hand-scissors",
      "icon_code":"f257"
   },
   {  
      "icon_name":"hand-spock",
      "icon_code":"f259"
   },
   {  
      "icon_name":"handshake",
      "icon_code":"f2b5"
   },
   {  
      "icon_name":"hdd",
      "icon_code":"f0a0"
   },
   {  
      "icon_name":"heart",
      "icon_code":"f004"
   },
   {  
      "icon_name":"hospital",
      "icon_code":"f0f8"
   },
   {  
      "icon_name":"hourglass",
      "icon_code":"f254"
   },
   {  
      "icon_name":"id-badge",
      "icon_code":"f2c1"
   },
   {  
      "icon_name":"id-card",
      "icon_code":"f2c2"
   },
   {  
      "icon_name":"image",
      "icon_code":"f03e"
   },
   {  
      "icon_name":"images",
      "icon_code":"f302"
   },
   {  
      "icon_name":"keyboard",
      "icon_code":"f11c"
   },
   {  
      "icon_name":"kiss",
      "icon_code":"f596"
   },
   {  
      "icon_name":"kiss-beam",
      "icon_code":"f597"
   },
   {  
      "icon_name":"kiss-wink-heart",
      "icon_code":"f598"
   },
   {  
      "icon_name":"laugh",
      "icon_code":"f599"
   },
   {  
      "icon_name":"laugh-beam",
      "icon_code":"f59a"
   },
   {  
      "icon_name":"laugh-squint",
      "icon_code":"f59b"
   },
   {  
      "icon_name":"laugh-wink",
      "icon_code":"f59c"
   },
   {  
      "icon_name":"lemon",
      "icon_code":"f094"
   },
   {  
      "icon_name":"life-ring",
      "icon_code":"f1cd"
   },
   {  
      "icon_name":"lightbulb",
      "icon_code":"f0eb"
   },
   {  
      "icon_name":"list-alt",
      "icon_code":"f022"
   },
   {  
      "icon_name":"map",
      "icon_code":"f279"
   },
   {  
      "icon_name":"meh",
      "icon_code":"f11a"
   },
   {  
      "icon_name":"meh-blank",
      "icon_code":"f5a4"
   },
   {  
      "icon_name":"meh-rolling-eyes",
      "icon_code":"f5a5"
   },
   {  
      "icon_name":"minus-square",
      "icon_code":"f146"
   },
   {  
      "icon_name":"money-bill-alt",
      "icon_code":"f3d1"
   },
   {  
      "icon_name":"moon",
      "icon_code":"f186"
   },
   {  
      "icon_name":"newspaper",
      "icon_code":"f1ea"
   },
   {  
      "icon_name":"object-group",
      "icon_code":"f247"
   },
   {  
      "icon_name":"object-ungroup",
      "icon_code":"f248"
   },
   {  
      "icon_name":"paper-plane",
      "icon_code":"f1d8"
   },
   {  
      "icon_name":"pause-circle",
      "icon_code":"f28b"
   },
   {  
      "icon_name":"play-circle",
      "icon_code":"f144"
   },
   {  
      "icon_name":"plus-square",
      "icon_code":"f0fe"
   },
   {  
      "icon_name":"question-circle",
      "icon_code":"f059"
   },
   {  
      "icon_name":"registered",
      "icon_code":"f25d"
   },
   {  
      "icon_name":"sad-cry",
      "icon_code":"f5b3"
   },
   {  
      "icon_name":"sad-tear",
      "icon_code":"f5b4"
   },
   {  
      "icon_name":"save",
      "icon_code":"f0c7"
   },
   {  
      "icon_name":"share-square",
      "icon_code":"f14d"
   },
   {  
      "icon_name":"smile",
      "icon_code":"f118"
   },
   {  
      "icon_name":"smile-beam",
      "icon_code":"f5b8"
   },
   {  
      "icon_name":"smile-wink",
      "icon_code":"f4da"
   },
   {  
      "icon_name":"snowflake",
      "icon_code":"f2dc"
   },
   {  
      "icon_name":"square",
      "icon_code":"f0c8"
   },
   {  
      "icon_name":"star",
      "icon_code":"f005"
   },
   {  
      "icon_name":"star-half",
      "icon_code":"f089"
   },
   {  
      "icon_name":"sticky-note",
      "icon_code":"f249"
   },
   {  
      "icon_name":"stop-circle",
      "icon_code":"f28d"
   },
   {  
      "icon_name":"sun",
      "icon_code":"f185"
   },
   {  
      "icon_name":"surprise",
      "icon_code":"f5c2"
   },
   {  
      "icon_name":"thumbs-down",
      "icon_code":"f165"
   },
   {  
      "icon_name":"thumbs-up",
      "icon_code":"f164"
   },
   {  
      "icon_name":"times-circle",
      "icon_code":"f057"
   },
   {  
      "icon_name":"tired",
      "icon_code":"f5c8"
   },
   {  
      "icon_name":"trash-alt",
      "icon_code":"f2ed"
   },
   {  
      "icon_name":"user",
      "icon_code":"f007"
   },
   {  
      "icon_name":"user-circle",
      "icon_code":"f2bd"
   },
   {  
      "icon_name":"window-close",
      "icon_code":"f410"
   },
   {  
      "icon_name":"window-maximize",
      "icon_code":"f2d0"
   },
   {  
      "icon_name":"window-minimize",
      "icon_code":"f2d1"
   },
   {  
      "icon_name":"window-restore",
      "icon_code":"f2d2"
   },
   {  
      "icon_name":"500px",
      "icon_code":"f26e"
   },
   {  
      "icon_name":"accessible-icon",
      "icon_code":"f368"
   },
   {  
      "icon_name":"accusoft",
      "icon_code":"f369"
   },
   {  
      "icon_name":"acquisitions-incorporated",
      "icon_code":"f6af"
   },
   {  
      "icon_name":"adn",
      "icon_code":"f170"
   },
   {  
      "icon_name":"adobe",
      "icon_code":"f778"
   },
   {  
      "icon_name":"adversal",
      "icon_code":"f36a"
   },
   {  
      "icon_name":"affiliatetheme",
      "icon_code":"f36b"
   },
   {  
      "icon_name":"algolia",
      "icon_code":"f36c"
   },
   {  
      "icon_name":"alipay",
      "icon_code":"f642"
   },
   {  
      "icon_name":"amazon",
      "icon_code":"f270"
   },
   {  
      "icon_name":"amazon-pay",
      "icon_code":"f42c"
   },
   {  
      "icon_name":"amilia",
      "icon_code":"f36d"
   },
   {  
      "icon_name":"android",
      "icon_code":"f17b"
   },
   {  
      "icon_name":"angellist",
      "icon_code":"f209"
   },
   {  
      "icon_name":"angrycreative",
      "icon_code":"f36e"
   },
   {  
      "icon_name":"angular",
      "icon_code":"f420"
   },
   {  
      "icon_name":"app-store",
      "icon_code":"f36f"
   },
   {  
      "icon_name":"app-store-ios",
      "icon_code":"f370"
   },
   {  
      "icon_name":"apper",
      "icon_code":"f371"
   },
   {  
      "icon_name":"apple",
      "icon_code":"f179"
   },
   {  
      "icon_name":"apple-pay",
      "icon_code":"f415"
   },
   {  
      "icon_name":"artstation",
      "icon_code":"f77a"
   },
   {  
      "icon_name":"asymmetrik",
      "icon_code":"f372"
   },
   {  
      "icon_name":"atlassian",
      "icon_code":"f77b"
   },
   {  
      "icon_name":"audible",
      "icon_code":"f373"
   },
   {  
      "icon_name":"autoprefixer",
      "icon_code":"f41c"
   },
   {  
      "icon_name":"avianex",
      "icon_code":"f374"
   },
   {  
      "icon_name":"aviato",
      "icon_code":"f421"
   },
   {  
      "icon_name":"aws",
      "icon_code":"f375"
   },
   {  
      "icon_name":"bandcamp",
      "icon_code":"f2d5"
   },
   {  
      "icon_name":"behance",
      "icon_code":"f1b4"
   },
   {  
      "icon_name":"behance-square",
      "icon_code":"f1b5"
   },
   {  
      "icon_name":"bimobject",
      "icon_code":"f378"
   },
   {  
      "icon_name":"bitbucket",
      "icon_code":"f171"
   },
   {  
      "icon_name":"bitcoin",
      "icon_code":"f379"
   },
   {  
      "icon_name":"bity",
      "icon_code":"f37a"
   },
   {  
      "icon_name":"black-tie",
      "icon_code":"f27e"
   },
   {  
      "icon_name":"blackberry",
      "icon_code":"f37b"
   },
   {  
      "icon_name":"blogger",
      "icon_code":"f37c"
   },
   {  
      "icon_name":"blogger-b",
      "icon_code":"f37d"
   },
   {  
      "icon_name":"bluetooth",
      "icon_code":"f293"
   },
   {  
      "icon_name":"bluetooth-b",
      "icon_code":"f294"
   },
   {  
      "icon_name":"btc",
      "icon_code":"f15a"
   },
   {  
      "icon_name":"buromobelexperte",
      "icon_code":"f37f"
   },
   {  
      "icon_name":"buysellads",
      "icon_code":"f20d"
   },
   {  
      "icon_name":"canadian-maple-leaf",
      "icon_code":"f785"
   },
   {  
      "icon_name":"cc-amazon-pay",
      "icon_code":"f42d"
   },
   {  
      "icon_name":"cc-amex",
      "icon_code":"f1f3"
   },
   {  
      "icon_name":"cc-apple-pay",
      "icon_code":"f416"
   },
   {  
      "icon_name":"cc-diners-club",
      "icon_code":"f24c"
   },
   {  
      "icon_name":"cc-discover",
      "icon_code":"f1f2"
   },
   {  
      "icon_name":"cc-jcb",
      "icon_code":"f24b"
   },
   {  
      "icon_name":"cc-mastercard",
      "icon_code":"f1f1"
   },
   {  
      "icon_name":"cc-paypal",
      "icon_code":"f1f4"
   },
   {  
      "icon_name":"cc-stripe",
      "icon_code":"f1f5"
   },
   {  
      "icon_name":"cc-visa",
      "icon_code":"f1f0"
   },
   {  
      "icon_name":"centercode",
      "icon_code":"f380"
   },
   {  
      "icon_name":"centos",
      "icon_code":"f789"
   },
   {  
      "icon_name":"chrome",
      "icon_code":"f268"
   },
   {  
      "icon_name":"cloudscale",
      "icon_code":"f383"
   },
   {  
      "icon_name":"cloudsmith",
      "icon_code":"f384"
   },
   {  
      "icon_name":"cloudversify",
      "icon_code":"f385"
   },
   {  
      "icon_name":"codepen",
      "icon_code":"f1cb"
   },
   {  
      "icon_name":"codiepie",
      "icon_code":"f284"
   },
   {  
      "icon_name":"confluence",
      "icon_code":"f78d"
   },
   {  
      "icon_name":"connectdevelop",
      "icon_code":"f20e"
   },
   {  
      "icon_name":"contao",
      "icon_code":"f26d"
   },
   {  
      "icon_name":"cpanel",
      "icon_code":"f388"
   },
   {  
      "icon_name":"creative-commons",
      "icon_code":"f25e"
   },
   {  
      "icon_name":"creative-commons-by",
      "icon_code":"f4e7"
   },
   {  
      "icon_name":"creative-commons-nc",
      "icon_code":"f4e8"
   },
   {  
      "icon_name":"creative-commons-nc-eu",
      "icon_code":"f4e9"
   },
   {  
      "icon_name":"creative-commons-nc-jp",
      "icon_code":"f4ea"
   },
   {  
      "icon_name":"creative-commons-nd",
      "icon_code":"f4eb"
   },
   {  
      "icon_name":"creative-commons-pd",
      "icon_code":"f4ec"
   },
   {  
      "icon_name":"creative-commons-pd-alt",
      "icon_code":"f4ed"
   },
   {  
      "icon_name":"creative-commons-remix",
      "icon_code":"f4ee"
   },
   {  
      "icon_name":"creative-commons-sa",
      "icon_code":"f4ef"
   },
   {  
      "icon_name":"creative-commons-sampling",
      "icon_code":"f4f0"
   },
   {  
      "icon_name":"creative-commons-sampling-plus",
      "icon_code":"f4f1"
   },
   {  
      "icon_name":"creative-commons-share",
      "icon_code":"f4f2"
   },
   {  
      "icon_name":"creative-commons-zero",
      "icon_code":"f4f3"
   },
   {  
      "icon_name":"critical-role",
      "icon_code":"f6c9"
   },
   {  
      "icon_name":"css3",
      "icon_code":"f13c"
   },
   {  
      "icon_name":"css3-alt",
      "icon_code":"f38b"
   },
   {  
      "icon_name":"cuttlefish",
      "icon_code":"f38c"
   },
   {  
      "icon_name":"d-and-d",
      "icon_code":"f38d"
   },
   {  
      "icon_name":"d-and-d-beyond",
      "icon_code":"f6ca"
   },
   {  
      "icon_name":"dashcube",
      "icon_code":"f210"
   },
   {  
      "icon_name":"delicious",
      "icon_code":"f1a5"
   },
   {  
      "icon_name":"deploydog",
      "icon_code":"f38e"
   },
   {  
      "icon_name":"deskpro",
      "icon_code":"f38f"
   },
   {  
      "icon_name":"dev",
      "icon_code":"f6cc"
   },
   {  
      "icon_name":"deviantart",
      "icon_code":"f1bd"
   },
   {  
      "icon_name":"dhl",
      "icon_code":"f790"
   },
   {  
      "icon_name":"diaspora",
      "icon_code":"f791"
   },
   {  
      "icon_name":"digg",
      "icon_code":"f1a6"
   },
   {  
      "icon_name":"digital-ocean",
      "icon_code":"f391"
   },
   {  
      "icon_name":"discord",
      "icon_code":"f392"
   },
   {  
      "icon_name":"discourse",
      "icon_code":"f393"
   },
   {  
      "icon_name":"dochub",
      "icon_code":"f394"
   },
   {  
      "icon_name":"docker",
      "icon_code":"f395"
   },
   {  
      "icon_name":"draft2digital",
      "icon_code":"f396"
   },
   {  
      "icon_name":"dribbble",
      "icon_code":"f17d"
   },
   {  
      "icon_name":"dribbble-square",
      "icon_code":"f397"
   },
   {  
      "icon_name":"dropbox",
      "icon_code":"f16b"
   },
   {  
      "icon_name":"drupal",
      "icon_code":"f1a9"
   },
   {  
      "icon_name":"dyalog",
      "icon_code":"f399"
   },
   {  
      "icon_name":"earlybirds",
      "icon_code":"f39a"
   },
   {  
      "icon_name":"ebay",
      "icon_code":"f4f4"
   },
   {  
      "icon_name":"edge",
      "icon_code":"f282"
   },
   {  
      "icon_name":"elementor",
      "icon_code":"f430"
   },
   {  
      "icon_name":"ello",
      "icon_code":"f5f1"
   },
   {  
      "icon_name":"ember",
      "icon_code":"f423"
   },
   {  
      "icon_name":"empire",
      "icon_code":"f1d1"
   },
   {  
      "icon_name":"envira",
      "icon_code":"f299"
   },
   {  
      "icon_name":"erlang",
      "icon_code":"f39d"
   },
   {  
      "icon_name":"ethereum",
      "icon_code":"f42e"
   },
   {  
      "icon_name":"etsy",
      "icon_code":"f2d7"
   },
   {  
      "icon_name":"expeditedssl",
      "icon_code":"f23e"
   },
   {  
      "icon_name":"facebook",
      "icon_code":"f09a"
   },
   {  
      "icon_name":"facebook-f",
      "icon_code":"f39e"
   },
   {  
      "icon_name":"facebook-messenger",
      "icon_code":"f39f"
   },
   {  
      "icon_name":"facebook-square",
      "icon_code":"f082"
   },
   {  
      "icon_name":"fantasy-flight-games",
      "icon_code":"f6dc"
   },
   {  
      "icon_name":"fedex",
      "icon_code":"f797"
   },
   {  
      "icon_name":"fedora",
      "icon_code":"f798"
   },
   {  
      "icon_name":"figma",
      "icon_code":"f799"
   },
   {  
      "icon_name":"firefox",
      "icon_code":"f269"
   },
   {  
      "icon_name":"first-order",
      "icon_code":"f2b0"
   },
   {  
      "icon_name":"first-order-alt",
      "icon_code":"f50a"
   },
   {  
      "icon_name":"firstdraft",
      "icon_code":"f3a1"
   },
   {  
      "icon_name":"flickr",
      "icon_code":"f16e"
   },
   {  
      "icon_name":"flipboard",
      "icon_code":"f44d"
   },
   {  
      "icon_name":"fly",
      "icon_code":"f417"
   },
   {  
      "icon_name":"font-awesome",
      "icon_code":"f2b4"
   },
   {  
      "icon_name":"font-awesome-alt",
      "icon_code":"f35c"
   },
   {  
      "icon_name":"font-awesome-flag",
      "icon_code":"f425"
   },
   {  
      "icon_name":"fonticons",
      "icon_code":"f280"
   },
   {  
      "icon_name":"fonticons-fi",
      "icon_code":"f3a2"
   },
   {  
      "icon_name":"fort-awesome",
      "icon_code":"f286"
   },
   {  
      "icon_name":"fort-awesome-alt",
      "icon_code":"f3a3"
   },
   {  
      "icon_name":"forumbee",
      "icon_code":"f211"
   },
   {  
      "icon_name":"foursquare",
      "icon_code":"f180"
   },
   {  
      "icon_name":"free-code-camp",
      "icon_code":"f2c5"
   },
   {  
      "icon_name":"freebsd",
      "icon_code":"f3a4"
   },
   {  
      "icon_name":"fulcrum",
      "icon_code":"f50b"
   },
   {  
      "icon_name":"galactic-republic",
      "icon_code":"f50c"
   },
   {  
      "icon_name":"galactic-senate",
      "icon_code":"f50d"
   },
   {  
      "icon_name":"get-pocket",
      "icon_code":"f265"
   },
   {  
      "icon_name":"gg",
      "icon_code":"f260"
   },
   {  
      "icon_name":"gg-circle",
      "icon_code":"f261"
   },
   {  
      "icon_name":"git",
      "icon_code":"f1d3"
   },
   {  
      "icon_name":"git-square",
      "icon_code":"f1d2"
   },
   {  
      "icon_name":"github",
      "icon_code":"f09b"
   },
   {  
      "icon_name":"github-alt",
      "icon_code":"f113"
   },
   {  
      "icon_name":"github-square",
      "icon_code":"f092"
   },
   {  
      "icon_name":"gitkraken",
      "icon_code":"f3a6"
   },
   {  
      "icon_name":"gitlab",
      "icon_code":"f296"
   },
   {  
      "icon_name":"gitter",
      "icon_code":"f426"
   },
   {  
      "icon_name":"glide",
      "icon_code":"f2a5"
   },
   {  
      "icon_name":"glide-g",
      "icon_code":"f2a6"
   },
   {  
      "icon_name":"gofore",
      "icon_code":"f3a7"
   },
   {  
      "icon_name":"goodreads",
      "icon_code":"f3a8"
   },
   {  
      "icon_name":"goodreads-g",
      "icon_code":"f3a9"
   },
   {  
      "icon_name":"google",
      "icon_code":"f1a0"
   },
   {  
      "icon_name":"google-drive",
      "icon_code":"f3aa"
   },
   {  
      "icon_name":"google-play",
      "icon_code":"f3ab"
   },
   {  
      "icon_name":"google-plus",
      "icon_code":"f2b3"
   },
   {  
      "icon_name":"google-plus-g",
      "icon_code":"f0d5"
   },
   {  
      "icon_name":"google-plus-square",
      "icon_code":"f0d4"
   },
   {  
      "icon_name":"google-wallet",
      "icon_code":"f1ee"
   },
   {  
      "icon_name":"gratipay",
      "icon_code":"f184"
   },
   {  
      "icon_name":"grav",
      "icon_code":"f2d6"
   },
   {  
      "icon_name":"gripfire",
      "icon_code":"f3ac"
   },
   {  
      "icon_name":"grunt",
      "icon_code":"f3ad"
   },
   {  
      "icon_name":"gulp",
      "icon_code":"f3ae"
   },
   {  
      "icon_name":"hacker-news",
      "icon_code":"f1d4"
   },
   {  
      "icon_name":"hacker-news-square",
      "icon_code":"f3af"
   },
   {  
      "icon_name":"hackerrank",
      "icon_code":"f5f7"
   },
   {  
      "icon_name":"hips",
      "icon_code":"f452"
   },
   {  
      "icon_name":"hire-a-helper",
      "icon_code":"f3b0"
   },
   {  
      "icon_name":"hooli",
      "icon_code":"f427"
   },
   {  
      "icon_name":"hornbill",
      "icon_code":"f592"
   },
   {  
      "icon_name":"hotjar",
      "icon_code":"f3b1"
   },
   {  
      "icon_name":"houzz",
      "icon_code":"f27c"
   },
   {  
      "icon_name":"html5",
      "icon_code":"f13b"
   },
   {  
      "icon_name":"hubspot",
      "icon_code":"f3b2"
   },
   {  
      "icon_name":"imdb",
      "icon_code":"f2d8"
   },
   {  
      "icon_name":"instagram",
      "icon_code":"f16d"
   },
   {  
      "icon_name":"intercom",
      "icon_code":"f7af"
   },
   {  
      "icon_name":"internet-explorer",
      "icon_code":"f26b"
   },
   {  
      "icon_name":"invision",
      "icon_code":"f7b0"
   },
   {  
      "icon_name":"ioxhost",
      "icon_code":"f208"
   },
   {  
      "icon_name":"itunes",
      "icon_code":"f3b4"
   },
   {  
      "icon_name":"itunes-note",
      "icon_code":"f3b5"
   },
   {  
      "icon_name":"java",
      "icon_code":"f4e4"
   },
   {  
      "icon_name":"jedi-order",
      "icon_code":"f50e"
   },
   {  
      "icon_name":"jenkins",
      "icon_code":"f3b6"
   },
   {  
      "icon_name":"jira",
      "icon_code":"f7b1"
   },
   {  
      "icon_name":"joget",
      "icon_code":"f3b7"
   },
   {  
      "icon_name":"joomla",
      "icon_code":"f1aa"
   },
   {  
      "icon_name":"js",
      "icon_code":"f3b8"
   },
   {  
      "icon_name":"js-square",
      "icon_code":"f3b9"
   },
   {  
      "icon_name":"jsfiddle",
      "icon_code":"f1cc"
   },
   {  
      "icon_name":"kaggle",
      "icon_code":"f5fa"
   },
   {  
      "icon_name":"keybase",
      "icon_code":"f4f5"
   },
   {  
      "icon_name":"keycdn",
      "icon_code":"f3ba"
   },
   {  
      "icon_name":"kickstarter",
      "icon_code":"f3bb"
   },
   {  
      "icon_name":"kickstarter-k",
      "icon_code":"f3bc"
   },
   {  
      "icon_name":"korvue",
      "icon_code":"f42f"
   },
   {  
      "icon_name":"laravel",
      "icon_code":"f3bd"
   },
   {  
      "icon_name":"lastfm",
      "icon_code":"f202"
   },
   {  
      "icon_name":"lastfm-square",
      "icon_code":"f203"
   },
   {  
      "icon_name":"leanpub",
      "icon_code":"f212"
   },
   {  
      "icon_name":"less",
      "icon_code":"f41d"
   },
   {  
      "icon_name":"line",
      "icon_code":"f3c0"
   },
   {  
      "icon_name":"linkedin",
      "icon_code":"f08c"
   },
   {  
      "icon_name":"linkedin-in",
      "icon_code":"f0e1"
   },
   {  
      "icon_name":"linode",
      "icon_code":"f2b8"
   },
   {  
      "icon_name":"linux",
      "icon_code":"f17c"
   },
   {  
      "icon_name":"lyft",
      "icon_code":"f3c3"
   },
   {  
      "icon_name":"magento",
      "icon_code":"f3c4"
   },
   {  
      "icon_name":"mailchimp",
      "icon_code":"f59e"
   },
   {  
      "icon_name":"mandalorian",
      "icon_code":"f50f"
   },
   {  
      "icon_name":"markdown",
      "icon_code":"f60f"
   },
   {  
      "icon_name":"mastodon",
      "icon_code":"f4f6"
   },
   {  
      "icon_name":"maxcdn",
      "icon_code":"f136"
   },
   {  
      "icon_name":"medapps",
      "icon_code":"f3c6"
   },
   {  
      "icon_name":"medium",
      "icon_code":"f23a"
   },
   {  
      "icon_name":"medium-m",
      "icon_code":"f3c7"
   },
   {  
      "icon_name":"medrt",
      "icon_code":"f3c8"
   },
   {  
      "icon_name":"meetup",
      "icon_code":"f2e0"
   },
   {  
      "icon_name":"megaport",
      "icon_code":"f5a3"
   },
   {  
      "icon_name":"mendeley",
      "icon_code":"f7b3"
   },
   {  
      "icon_name":"microsoft",
      "icon_code":"f3ca"
   },
   {  
      "icon_name":"mix",
      "icon_code":"f3cb"
   },
   {  
      "icon_name":"mixcloud",
      "icon_code":"f289"
   },
   {  
      "icon_name":"mizuni",
      "icon_code":"f3cc"
   },
   {  
      "icon_name":"modx",
      "icon_code":"f285"
   },
   {  
      "icon_name":"monero",
      "icon_code":"f3d0"
   },
   {  
      "icon_name":"napster",
      "icon_code":"f3d2"
   },
   {  
      "icon_name":"neos",
      "icon_code":"f612"
   },
   {  
      "icon_name":"nimblr",
      "icon_code":"f5a8"
   },
   {  
      "icon_name":"nintendo-switch",
      "icon_code":"f418"
   },
   {  
      "icon_name":"node",
      "icon_code":"f419"
   },
   {  
      "icon_name":"node-js",
      "icon_code":"f3d3"
   },
   {  
      "icon_name":"npm",
      "icon_code":"f3d4"
   },
   {  
      "icon_name":"ns8",
      "icon_code":"f3d5"
   },
   {  
      "icon_name":"nutritionix",
      "icon_code":"f3d6"
   },
   {  
      "icon_name":"odnoklassniki",
      "icon_code":"f263"
   },
   {  
      "icon_name":"odnoklassniki-square",
      "icon_code":"f264"
   },
   {  
      "icon_name":"old-republic",
      "icon_code":"f510"
   },
   {  
      "icon_name":"opencart",
      "icon_code":"f23d"
   },
   {  
      "icon_name":"openid",
      "icon_code":"f19b"
   },
   {  
      "icon_name":"opera",
      "icon_code":"f26a"
   },
   {  
      "icon_name":"optin-monster",
      "icon_code":"f23c"
   },
   {  
      "icon_name":"osi",
      "icon_code":"f41a"
   },
   {  
      "icon_name":"page4",
      "icon_code":"f3d7"
   },
   {  
      "icon_name":"pagelines",
      "icon_code":"f18c"
   },
   {  
      "icon_name":"palfed",
      "icon_code":"f3d8"
   },
   {  
      "icon_name":"patreon",
      "icon_code":"f3d9"
   },
   {  
      "icon_name":"paypal",
      "icon_code":"f1ed"
   },
   {  
      "icon_name":"penny-arcade",
      "icon_code":"f704"
   },
   {  
      "icon_name":"periscope",
      "icon_code":"f3da"
   },
   {  
      "icon_name":"phabricator",
      "icon_code":"f3db"
   },
   {  
      "icon_name":"phoenix-framework",
      "icon_code":"f3dc"
   },
   {  
      "icon_name":"phoenix-squadron",
      "icon_code":"f511"
   },
   {  
      "icon_name":"php",
      "icon_code":"f457"
   },
   {  
      "icon_name":"pied-piper",
      "icon_code":"f2ae"
   },
   {  
      "icon_name":"pied-piper-alt",
      "icon_code":"f1a8"
   },
   {  
      "icon_name":"pied-piper-hat",
      "icon_code":"f4e5"
   },
   {  
      "icon_name":"pied-piper-pp",
      "icon_code":"f1a7"
   },
   {  
      "icon_name":"pinterest",
      "icon_code":"f0d2"
   },
   {  
      "icon_name":"pinterest-p",
      "icon_code":"f231"
   },
   {  
      "icon_name":"pinterest-square",
      "icon_code":"f0d3"
   },
   {  
      "icon_name":"playstation",
      "icon_code":"f3df"
   },
   {  
      "icon_name":"product-hunt",
      "icon_code":"f288"
   },
   {  
      "icon_name":"pushed",
      "icon_code":"f3e1"
   },
   {  
      "icon_name":"python",
      "icon_code":"f3e2"
   },
   {  
      "icon_name":"qq",
      "icon_code":"f1d6"
   },
   {  
      "icon_name":"quinscape",
      "icon_code":"f459"
   },
   {  
      "icon_name":"quora",
      "icon_code":"f2c4"
   },
   {  
      "icon_name":"r-project",
      "icon_code":"f4f7"
   },
   {  
      "icon_name":"raspberry-pi",
      "icon_code":"f7bb"
   },
   {  
      "icon_name":"ravelry",
      "icon_code":"f2d9"
   },
   {  
      "icon_name":"react",
      "icon_code":"f41b"
   },
   {  
      "icon_name":"reacteurope",
      "icon_code":"f75d"
   },
   {  
      "icon_name":"readme",
      "icon_code":"f4d5"
   },
   {  
      "icon_name":"rebel",
      "icon_code":"f1d0"
   },
   {  
      "icon_name":"red-river",
      "icon_code":"f3e3"
   },
   {  
      "icon_name":"reddit",
      "icon_code":"f1a1"
   },
   {  
      "icon_name":"reddit-alien",
      "icon_code":"f281"
   },
   {  
      "icon_name":"reddit-square",
      "icon_code":"f1a2"
   },
   {  
      "icon_name":"redhat",
      "icon_code":"f7bc"
   },
   {  
      "icon_name":"renren",
      "icon_code":"f18b"
   },
   {  
      "icon_name":"replyd",
      "icon_code":"f3e6"
   },
   {  
      "icon_name":"researchgate",
      "icon_code":"f4f8"
   },
   {  
      "icon_name":"resolving",
      "icon_code":"f3e7"
   },
   {  
      "icon_name":"rev",
      "icon_code":"f5b2"
   },
   {  
      "icon_name":"rocketchat",
      "icon_code":"f3e8"
   },
   {  
      "icon_name":"rockrms",
      "icon_code":"f3e9"
   },
   {  
      "icon_name":"safari",
      "icon_code":"f267"
   },
   {  
      "icon_name":"sass",
      "icon_code":"f41e"
   },
   {  
      "icon_name":"schlix",
      "icon_code":"f3ea"
   },
   {  
      "icon_name":"scribd",
      "icon_code":"f28a"
   },
   {  
      "icon_name":"searchengin",
      "icon_code":"f3eb"
   },
   {  
      "icon_name":"sellcast",
      "icon_code":"f2da"
   },
   {  
      "icon_name":"sellsy",
      "icon_code":"f213"
   },
   {  
      "icon_name":"servicestack",
      "icon_code":"f3ec"
   },
   {  
      "icon_name":"shirtsinbulk",
      "icon_code":"f214"
   },
   {  
      "icon_name":"shopware",
      "icon_code":"f5b5"
   },
   {  
      "icon_name":"simplybuilt",
      "icon_code":"f215"
   },
   {  
      "icon_name":"sistrix",
      "icon_code":"f3ee"
   },
   {  
      "icon_name":"sith",
      "icon_code":"f512"
   },
   {  
      "icon_name":"sketch",
      "icon_code":"f7c6"
   },
   {  
      "icon_name":"skyatlas",
      "icon_code":"f216"
   },
   {  
      "icon_name":"skype",
      "icon_code":"f17e"
   },
   {  
      "icon_name":"slack",
      "icon_code":"f198"
   },
   {  
      "icon_name":"slack-hash",
      "icon_code":"f3ef"
   },
   {  
      "icon_name":"slideshare",
      "icon_code":"f1e7"
   },
   {  
      "icon_name":"snapchat",
      "icon_code":"f2ab"
   },
   {  
      "icon_name":"snapchat-ghost",
      "icon_code":"f2ac"
   },
   {  
      "icon_name":"snapchat-square",
      "icon_code":"f2ad"
   },
   {  
      "icon_name":"soundcloud",
      "icon_code":"f1be"
   },
   {  
      "icon_name":"sourcetree",
      "icon_code":"f7d3"
   },
   {  
      "icon_name":"speakap",
      "icon_code":"f3f3"
   },
   {  
      "icon_name":"spotify",
      "icon_code":"f1bc"
   },
   {  
      "icon_name":"squarespace",
      "icon_code":"f5be"
   },
   {  
      "icon_name":"stack-exchange",
      "icon_code":"f18d"
   },
   {  
      "icon_name":"stack-overflow",
      "icon_code":"f16c"
   },
   {  
      "icon_name":"staylinked",
      "icon_code":"f3f5"
   },
   {  
      "icon_name":"steam",
      "icon_code":"f1b6"
   },
   {  
      "icon_name":"steam-square",
      "icon_code":"f1b7"
   },
   {  
      "icon_name":"steam-symbol",
      "icon_code":"f3f6"
   },
   {  
      "icon_name":"sticker-mule",
      "icon_code":"f3f7"
   },
   {  
      "icon_name":"strava",
      "icon_code":"f428"
   },
   {  
      "icon_name":"stripe",
      "icon_code":"f429"
   },
   {  
      "icon_name":"stripe-s",
      "icon_code":"f42a"
   },
   {  
      "icon_name":"studiovinari",
      "icon_code":"f3f8"
   },
   {  
      "icon_name":"stumbleupon",
      "icon_code":"f1a4"
   },
   {  
      "icon_name":"stumbleupon-circle",
      "icon_code":"f1a3"
   },
   {  
      "icon_name":"superpowers",
      "icon_code":"f2dd"
   },
   {  
      "icon_name":"supple",
      "icon_code":"f3f9"
   },
   {  
      "icon_name":"suse",
      "icon_code":"f7d6"
   },
   {  
      "icon_name":"teamspeak",
      "icon_code":"f4f9"
   },
   {  
      "icon_name":"telegram",
      "icon_code":"f2c6"
   },
   {  
      "icon_name":"telegram-plane",
      "icon_code":"f3fe"
   },
   {  
      "icon_name":"tencent-weibo",
      "icon_code":"f1d5"
   },
   {  
      "icon_name":"the-red-yeti",
      "icon_code":"f69d"
   },
   {  
      "icon_name":"themeco",
      "icon_code":"f5c6"
   },
   {  
      "icon_name":"themeisle",
      "icon_code":"f2b2"
   },
   {  
      "icon_name":"think-peaks",
      "icon_code":"f731"
   },
   {  
      "icon_name":"trade-federation",
      "icon_code":"f513"
   },
   {  
      "icon_name":"trello",
      "icon_code":"f181"
   },
   {  
      "icon_name":"tripadvisor",
      "icon_code":"f262"
   },
   {  
      "icon_name":"tumblr",
      "icon_code":"f173"
   },
   {  
      "icon_name":"tumblr-square",
      "icon_code":"f174"
   },
   {  
      "icon_name":"twitch",
      "icon_code":"f1e8"
   },
   {  
      "icon_name":"twitter",
      "icon_code":"f099"
   },
   {  
      "icon_name":"twitter-square",
      "icon_code":"f081"
   },
   {  
      "icon_name":"typo3",
      "icon_code":"f42b"
   },
   {  
      "icon_name":"uber",
      "icon_code":"f402"
   },
   {  
      "icon_name":"ubuntu",
      "icon_code":"f7df"
   },
   {  
      "icon_name":"uikit",
      "icon_code":"f403"
   },
   {  
      "icon_name":"uniregistry",
      "icon_code":"f404"
   },
   {  
      "icon_name":"untappd",
      "icon_code":"f405"
   },
   {  
      "icon_name":"ups",
      "icon_code":"f7e0"
   },
   {  
      "icon_name":"usb",
      "icon_code":"f287"
   },
   {  
      "icon_name":"usps",
      "icon_code":"f7e1"
   },
   {  
      "icon_name":"ussunnah",
      "icon_code":"f407"
   },
   {  
      "icon_name":"vaadin",
      "icon_code":"f408"
   },
   {  
      "icon_name":"viacoin",
      "icon_code":"f237"
   },
   {  
      "icon_name":"viadeo",
      "icon_code":"f2a9"
   },
   {  
      "icon_name":"viadeo-square",
      "icon_code":"f2aa"
   },
   {  
      "icon_name":"viber",
      "icon_code":"f409"
   },
   {  
      "icon_name":"vimeo",
      "icon_code":"f40a"
   },
   {  
      "icon_name":"vimeo-square",
      "icon_code":"f194"
   },
   {  
      "icon_name":"vimeo-v",
      "icon_code":"f27d"
   },
   {  
      "icon_name":"vine",
      "icon_code":"f1ca"
   },
   {  
      "icon_name":"vk",
      "icon_code":"f189"
   },
   {  
      "icon_name":"vnv",
      "icon_code":"f40b"
   },
   {  
      "icon_name":"vuejs",
      "icon_code":"f41f"
   },
   {  
      "icon_name":"weebly",
      "icon_code":"f5cc"
   },
   {  
      "icon_name":"weibo",
      "icon_code":"f18a"
   },
   {  
      "icon_name":"weixin",
      "icon_code":"f1d7"
   },
   {  
      "icon_name":"whatsapp",
      "icon_code":"f232"
   },
   {  
      "icon_name":"whatsapp-square",
      "icon_code":"f40c"
   },
   {  
      "icon_name":"whmcs",
      "icon_code":"f40d"
   },
   {  
      "icon_name":"wikipedia-w",
      "icon_code":"f266"
   },
   {  
      "icon_name":"windows",
      "icon_code":"f17a"
   },
   {  
      "icon_name":"wix",
      "icon_code":"f5cf"
   },
   {  
      "icon_name":"wizards-of-the-coast",
      "icon_code":"f730"
   },
   {  
      "icon_name":"wolf-pack-battalion",
      "icon_code":"f514"
   },
   {  
      "icon_name":"wordpress",
      "icon_code":"f19a"
   },
   {  
      "icon_name":"wordpress-simple",
      "icon_code":"f411"
   },
   {  
      "icon_name":"wpbeginner",
      "icon_code":"f297"
   },
   {  
      "icon_name":"wpexplorer",
      "icon_code":"f2de"
   },
   {  
      "icon_name":"wpforms",
      "icon_code":"f298"
   },
   {  
      "icon_name":"wpressr",
      "icon_code":"f3e4"
   },
   {  
      "icon_name":"xbox",
      "icon_code":"f412"
   },
   {  
      "icon_name":"xing",
      "icon_code":"f168"
   },
   {  
      "icon_name":"xing-square",
      "icon_code":"f169"
   },
   {  
      "icon_name":"y-combinator",
      "icon_code":"f23b"
   },
   {  
      "icon_name":"yahoo",
      "icon_code":"f19e"
   },
   {  
      "icon_name":"yandex",
      "icon_code":"f413"
   },
   {  
      "icon_name":"yandex-international",
      "icon_code":"f414"
   },
   {  
      "icon_name":"yarn",
      "icon_code":"f7e3"
   },
   {  
      "icon_name":"yelp",
      "icon_code":"f1e9"
   },
   {  
      "icon_name":"yoast",
      "icon_code":"f2b1"
   },
   {  
      "icon_name":"youtube",
      "icon_code":"f167"
   },
   {  
      "icon_name":"youtube-square",
      "icon_code":"f431"
   },
   {  
      "icon_name":"zhihu",
      "icon_code":"f63f"
   }
]