[
    {
        "name":"Batman", 
        "image" : "batman.jpg",
        "publisher":"DC Comics", 
        "alter_ego":"Bruce Wayne",
        "first_appearance":"Detective Comics #27",
        "characters":"Bruce Wayne"
    },
    {
        "name":"Superman", 
        "image" : "superman.jpg",
        "publisher":"DC Comics", 
        "alter_ego":"Kal-El",
        "first_appearance":"Action Comics #1",
        "characters":"Kal-El"
    },
    {
        "name":"Flash", 
        "image" : "flash.jpg",
        "publisher":"DC Comics", 
        "alter_ego":"Jay Garrick",
        "first_appearance":"Flash Comics #1",
        "characters":"Jay Garrick, Barry Allen, Wally West, Bart Allen"
    },
    {
        "name":"Green Lantern", 
        "image" : "green_latern.jpg",
        "publisher":"DC Comics", 
        "alter_ego":"Alan Scott",
        "first_appearance":"All-American Comics #16",
        "characters":"Alan Scott, Hal Jordan, Guy Gardner, John Stewart, Kyle Raynor, Jade, Sinestro, Simon Baz"
    },
    {
        "name":"Green Arrow", 
        "image" : "green_arrow.png",
        "publisher":"DC Comics", 
        "alter_ego":"Oliver Queen",
        "first_appearance":"More Fun Comics #73",
        "characters":"Oliver Queen"
    },
    {
        "name":"Wonder Woman", 
        "image" : "wonder_woman.jpg",
        "publisher":"DC Comics", 
        "alter_ego":"Princess Diana",
        "first_appearance":"All Star Comics #8",
        "characters":"Princess Diana"
    },
    {
        "name":"Martian Manhunter", 
        "image" : "martian_manhunter.jpg",
        "publisher":"DC Comics", 
        "alter_ego":"J'onn J'onzz",
        "first_appearance":"Detective Comics #225",
        "characters":"Martian Manhunter"
    },
    {
        "name":"Robin/Nightwing", 
        "image" : "robin_nightwing.jpg",
        "publisher":"DC Comics", 
        "alter_ego":"Dick Grayson",
        "first_appearance":"Detective Comics #38",
        "characters":"Dick Grayson"
    },
    {
        "name":"Blue Beetle", 
        "image" : "blue_beetle.png",
        "publisher":"DC Comics", 
        "alter_ego":"Dan Garret",
        "first_appearance":"Mystery Men Comics #1",
        "characters":"Dan Garret, Ted Kord, Jaime Reyes"
    },
    {
        "name":"Black Canary", 
        "image" : "black_canary.jpg",
        "publisher":"DC Comics", 
        "alter_ego":"Dinah Drake",
        "first_appearance":"Flash Comics #86",
        "characters":"Dinah Drake, Dinah Lance"
    },
    {
        "name":"Spider Man", 
        "image" : "spider_man.jpg",
        "publisher":"Marvel Comics", 
        "alter_ego":"Peter Parker",
        "first_appearance":"Amazing Fantasy #15",
        "characters":"Peter Parker"
    },
    {
        "name":"Captain America", 
        "image" : "captain_america.png",
        "publisher":"Marvel Comics", 
        "alter_ego":"Steve Rogers",
        "first_appearance":"Captain America Comics #1",
        "characters":"Steve Rogers"
    },
    {
        "name":"Iron Man", 
        "image" : "iron_man.jpg",
        "publisher":"Marvel Comics", 
        "alter_ego":"Tony Stark",
        "first_appearance":"Tales of Suspense #39",
        "characters":"Tony Stark"
    },
    {
        "name":"Thor", 
        "image" : "thor.jpg",
        "publisher":"Marvel Comics", 
        "alter_ego":"Thor Odinson",
        "first_appearance":"Journey into Myster #83",
        "characters":"Thor Odinson"
    },
    {
        "name":"Hulk", 
        "image" : "hulk.jpg",
        "publisher":"Marvel Comics", 
        "alter_ego":"Bruce Banner",
        "first_appearance":"The Incredible Hulk #1",
        "characters":"Bruce Banner"
    },
    {
        "name":"Wolverine", 
        "image" : "wolverine.jpg",
        "publisher":"Marvel Comics", 
        "alter_ego":"James Howlett",
        "first_appearance":"The Incredible Hulk #180",
        "characters":"James Howlett"
    },
    {
        "name":"Daredevil", 
        "image" : "daredevil.jpg",
        "publisher":"Marvel Comics", 
        "alter_ego":"Matthew Michael Murdock",
        "first_appearance":"Daredevil #1",
        "characters":"Matthew Michael Murdock"
    },
    {
        "name":"Hawkeye", 
        "image" : "hawkeye.png",
        "publisher":"Marvel Comics", 
        "alter_ego":"Clinton Francis Barton",
        "first_appearance":"Tales of Suspense #57",
        "characters":"Clinton Francis Barton"
    },
    {
        "name":"Cyclops", 
        "image" : "cyclops.png",
        "publisher":"Marvel Comics", 
        "alter_ego":"Scott Summers",
        "first_appearance":"X-Men #1",
        "characters":"Scott Summers"
    },
    {
        "name":"Silver Surfer", 
        "image" : "silver_surfer.png",
        "publisher":"Marvel Comics", 
        "alter_ego":"Norrin Radd",
        "first_appearance":"The Fantastic Four #48",
        "characters":"Norrin Radd"
    }
]
